<?xml version="1.0" encoding="UTF-8"?><StatGraph silkCompat="true" version="9.2_S2DVR">
<PieChart actionMode="select" data="SAMPLE_DATA" name="Pie" otherLabel="Other" pieLabelComponents="3" where="(((((date = 21651.0)))))">
<Role discrete="false" sortOrder="Data" type="Category" variable="sector"/>
<Title textVisible="true">Number of stock in the main market</Title>
<Legend type="Category" visible="false">
<Title textAlign="Left" verticalAlign="Bottom">sector</Title>
<Labels SASFormat="$28"/>
</Legend>
</PieChart>
</StatGraph>
<StatGraph silkCompat="true" version="9.2_S2DVR">
<LayoutOverlay actionMode="brush" name="LayoutOverlay 3">
<LineChart data="SAMPLE_DATA" name="Line" showLabels="false">
<Role discrete="true" sortOrder="Data" type="Category" variable="date"/>
<Role discrete="false" sortOrder="None" type="Response" variable="change"/>
<Role discrete="false" type="StatisticType" variable="Mean"/>
<Role discrete="true" type="Group" variable="sector"/>
</LineChart>
<Title textVisible="true">35 days price changes</Title>
<Legend type="Group" visible="true">
<Title textAlign="Left" verticalAlign="Bottom"/>
<Labels SASFormat="$28"/>
</Legend>
<XAxis>
<Label>date</Label>
</XAxis>
<YAxis>
<Label>changes</Label>
</YAxis>
</LayoutOverlay>
</StatGraph>
<StatGraph silkCompat="true" version="9.2_S2DVR">
<LayoutOverlay actionMode="brush" name="LayoutOverlay 10" where="(((((date = 21605.0) &amp; (price &lt; 50)))))">
<BoxPlot data="SAMPLE_DATA" name="Box" where="(((((date = 21605.0) &amp; (price &lt; 50)))))">
<Role discrete="true" sortOrder="Data" type="X" variable="sector"/>
<Role discrete="false" sortOrder="Data" type="Y" variable="price"/>
</BoxPlot>
<Title textVisible="true">25 Feb 19 stock price distribution</Title>
<XAxis>
<Label>sector</Label>
</XAxis>
<YAxis>
<Label>Price</Label>
</YAxis>
</LayoutOverlay>
</StatGraph>
<StatGraph silkCompat="true" version="9.2_S2DVR">
<LayoutOverlay actionMode="brush" name="LayoutOverlay 11" where="(((((date = 21651.0) &amp; (price &lt; 50)))))">
<BoxPlot data="SAMPLE_DATA" name="Box" where="(((((date = 21651.0) &amp; (price &lt; 50)))))">
<Role discrete="true" sortOrder="Data" type="X" variable="sector"/>
<Role discrete="false" sortOrder="Data" type="Y" variable="price"/>
</BoxPlot>
<Title textVisible="true">12 Apr 19 stock price distribution</Title>
<XAxis>
<Label>sector</Label>
</XAxis>
<YAxis>
<Label>Price</Label>
</YAxis>
</LayoutOverlay>
</StatGraph>
<StatGraph silkCompat="true" version="9.2_S2DVR">
<LayoutOverlay actionMode="brush" name="LayoutOverlay 7">
<BarChart data="SAMPLE_DATA" name="Bar">
<Role discrete="true" sortOrder="Data" type="Category" variable="date"/>
<Role discrete="false" sortOrder="Data" type="Response" variable="volume"/>
<Role discrete="false" type="StatisticType" variable="Sum"/>
<Role discrete="true" sortOrder="Data" type="Group" variable="sector"/>
</BarChart>
<Title textVisible="true">35 days trade volume</Title>
<Legend type="Group" visible="true">
<Title textAlign="Left" verticalAlign="Bottom"/>
<Labels SASFormat="$28"/>
</Legend>
<XAxis>
<Label>date</Label>
</XAxis>
<YAxis>
<Label>volume</Label>
</YAxis>
</LayoutOverlay>
</StatGraph>
<StatGraph silkCompat="true" version="9.2_S2DVR">
<Lattice actionMode="brush" cellSize="(200,200)" componentType="PieChart" data="SAMPLE_DATA" internalCellHeaders="true" name="X Lattice" xEqualization="UNION" yEqualization="UNION">
<Role discrete="true" sortOrder="Data" type="Lattice-X" variable="sector"/>
<Role discrete="false" sortOrder="Data" type="Category" variable="name"/>
<Role discrete="false" sortOrder="Data" type="Response" variable="volume"/>
<PieChart actionMode="select" data="SAMPLE_DATA" name="Pie 1" otherLabel="Other" otherPct="0.03" pieLabelComponents="5">
<Role discrete="false" sortOrder="Data" type="Category" variable="name"/>
<Role discrete="false" sortOrder="Data" type="Response" variable="volume"/>
<ChartTip fontName="Dialog" fontSize="12" visible="false"/>
<Legend type="Category" visible="false">
<Title textAlign="Left" verticalAlign="Bottom">name</Title>
<Labels SASFormat="$65"/>
</Legend>
</PieChart>
<Legend name="Category" visible="false">
<Title textAlign="Left" verticalAlign="Bottom">name</Title>
</Legend>
<Background fillColor="E0E0E0"/>
</Lattice>
</StatGraph>
